Category,Item,Price
Food and Beverage,white bread,0.0
Food and Beverage,white bread,0.0
Food and Beverage,white bread,0.0
Food and Beverage,white bread,0.0
Food and Beverage,white bread,0.0
Food and Beverage,beer,7.55
Food and Beverage,beer,7.99
Food and Beverage,beer,8.96
Food and Beverage,beer,9.99
Food and Beverage,beer,9.99
Food and Beverage,cereal,7.99
Food and Beverage,cereal,8.38
Food and Beverage,cereal,8.99
Food and Beverage,cereal,9.35
Food and Beverage,cereal,9.89
Food and Beverage,dove chocolate,5.56
Food and Beverage,dove chocolate,6.98
Food and Beverage,dove chocolate,7.99
Food and Beverage,dove chocolate,9.99
Food and Beverage,dove chocolate,10.96
Food and Beverage,orange juice,6.93
Food and Beverage,orange juice,14.97
Food and Beverage,orange juice,14.99
Food and Beverage,orange juice,17.6
Food and Beverage,orange juice,17.88
Food and Beverage,spaghetti,3.99
Food and Beverage,spaghetti,3.99
Food and Beverage,spaghetti,4.39
Food and Beverage,spaghetti,4.39
Food and Beverage,spaghetti,5.39
Food and Beverage,coca cola,2.79
Food and Beverage,coca cola,3.84
Food and Beverage,coca cola,4.99
Food and Beverage,coca cola,4.99
Food and Beverage,coca cola,5.53
Food and Beverage,pesto,5.9
Food and Beverage,pesto,8.9
Food and Beverage,pesto,10.95
Food and Beverage,pesto,10.99
Food and Beverage,pesto,11.99
Food and Beverage,potato chips,9.99
Food and Beverage,potato chips,16.98
Food and Beverage,potato chips,19.85
Food and Beverage,potato chips,24.99
Food and Beverage,potato chips,24.99
Food and Beverage,peanut butter,8.29
Food and Beverage,peanut butter,10.58
Food and Beverage,peanut butter,13.49
Food and Beverage,peanut butter,13.99
Food and Beverage,peanut butter,14.99
Food and Beverage,tea,2.49
Food and Beverage,tea,3.99
Food and Beverage,tea,3.99
Food and Beverage,tea,3.99
Food and Beverage,tea,5.59
Food and Beverage,rice,17.98
Food and Beverage,rice,19.99
Food and Beverage,rice,19.99
Food and Beverage,rice,22.27
Food and Beverage,rice,29.0
Food and Beverage,flour,7.5
Food and Beverage,flour,7.5
Food and Beverage,flour,9.99
Food and Beverage,flour,10.6
Food and Beverage,flour,10.99
Food and Beverage,olive oil,11.99
Food and Beverage,olive oil,11.99
Food and Beverage,olive oil,14.95
Food and Beverage,olive oil,14.99
Food and Beverage,olive oil,15.9
Food and Beverage,sugar,3.99
Food and Beverage,sugar,3.99
Food and Beverage,sugar,3.99
Food and Beverage,sugar,3.99
Food and Beverage,sugar,4.99
Food and Beverage,salt,3.99
Food and Beverage,salt,6.94
Food and Beverage,salt,9.99
Food and Beverage,salt,11.97
Food and Beverage,salt,15.48
Food and Beverage,pepper,2.49
Food and Beverage,pepper,3.99
Food and Beverage,pepper,5.69
Food and Beverage,pepper,5.99
Food and Beverage,pepper,6.59
Food and Beverage,ketchup,6.43
Food and Beverage,ketchup,8.79
Food and Beverage,ketchup,8.99
Food and Beverage,ketchup,10.99
Food and Beverage,ketchup,23.99
Food and Beverage,mustard,7.99
Food and Beverage,mustard,9.25
Food and Beverage,mustard,10.87
Food and Beverage,mustard,11.16
Food and Beverage,mustard,12.0
Food and Beverage,mayonnaise,9.99
Food and Beverage,mayonnaise,9.99
Food and Beverage,mayonnaise,9.99
Food and Beverage,mayonnaise,10.99
Food and Beverage,mayonnaise,11.25
Food and Beverage,honey,3.99
Food and Beverage,honey,3.99
Food and Beverage,honey,15.99
Food and Beverage,honey,16.6
Food and Beverage,honey,24.99
Food and Beverage,vinegar,3.69
Food and Beverage,vinegar,4.6
Food and Beverage,vinegar,4.6
Food and Beverage,vinegar,5.0
Food and Beverage,vinegar,6.44
Food and Beverage,canned soup,6.39
Food and Beverage,canned soup,8.69
Food and Beverage,canned soup,8.99
Food and Beverage,canned soup,9.99
Food and Beverage,canned soup,10.99
Food and Beverage,canned beans,4.99
Food and Beverage,canned beans,5.19
Food and Beverage,canned beans,7.99
Food and Beverage,canned beans,9.99
Food and Beverage,canned beans,9.99
Household Items,toilet paper,2.94
Household Items,toilet paper,2.99
Household Items,toilet paper,3.42
Household Items,toilet paper,3.93
Household Items,toilet paper,3.99
Household Items,paper towels,2.49
Household Items,paper towels,2.86
Household Items,paper towels,2.99
Household Items,paper towels,2.99
Household Items,paper towels,3.1
Household Items,dish soap,1.95
Household Items,dish soap,2.78
Household Items,dish soap,2.99
Household Items,dish soap,3.49
Household Items,dish soap,3.49
Household Items,laundry detergent,3.11
Household Items,laundry detergent,3.55
Household Items,laundry detergent,3.55
Household Items,laundry detergent,4.75
Household Items,laundry detergent,4.99
Household Items,trash bags,1.34
Household Items,trash bags,1.49
Household Items,trash bags,1.95
Household Items,trash bags,1.95
Household Items,trash bags,2.98
Household Items,aluminum foil,1.89
Household Items,aluminum foil,1.99
Household Items,aluminum foil,1.99
Household Items,aluminum foil,3.97
Household Items,aluminum foil,6.72
Household Items,plastic wrap,1.68
Household Items,plastic wrap,3.97
Household Items,plastic wrap,6.99
Household Items,plastic wrap,7.61
Household Items,plastic wrap,7.64
Household Items,sponges,1.39
Household Items,sponges,1.42
Household Items,sponges,1.79
Household Items,sponges,1.85
Household Items,sponges,2.07
Household Items,cleaning spray,2.95
Household Items,cleaning spray,2.99
Household Items,cleaning spray,3.7
Household Items,cleaning spray,3.95
Household Items,cleaning spray,3.99
Household Items,batteries,3.79
Household Items,batteries,4.76
Household Items,batteries,4.79
Household Items,batteries,7.99
Household Items,batteries,8.96
Household Items,light bulbs,4.99
Household Items,light bulbs,5.89
Household Items,light bulbs,5.94
Household Items,light bulbs,5.95
Household Items,light bulbs,5.99
Household Items,air freshener,2.25
Household Items,air freshener,2.25
Household Items,air freshener,2.29
Household Items,air freshener,2.69
Household Items,air freshener,4.45
Household Items,razors,2.92
Household Items,razors,3.45
Household Items,razors,3.49
Household Items,razors,3.95
Household Items,razors,3.95
Household Items,shaving cream,1.25
Household Items,shaving cream,1.55
Household Items,shaving cream,1.63
Household Items,shaving cream,1.95
Household Items,shaving cream,1.95
Household Items,toothpaste,1.19
Household Items,toothpaste,1.43
Household Items,toothpaste,1.94
Household Items,toothpaste,2.45
Household Items,toothpaste,2.46
Household Items,soap,1.49
Household Items,soap,1.95
Household Items,soap,1.95
Household Items,soap,1.95
Household Items,soap,2.25
Household Items,shampoo,2.69
Household Items,shampoo,2.75
Household Items,shampoo,2.95
Household Items,shampoo,2.95
Household Items,shampoo,2.95
Household Items,conditioner,3.95
Household Items,conditioner,3.95
Household Items,conditioner,3.95
Household Items,conditioner,3.99
Household Items,conditioner,3.99
Household Items,deodorant,1.99
Household Items,deodorant,2.15
Household Items,deodorant,2.15
Household Items,deodorant,2.25
Household Items,deodorant,2.25
Household Items,cotton swabs,3.49
Household Items,cotton swabs,3.58
Household Items,cotton swabs,3.59
Household Items,cotton swabs,3.79
Household Items,cotton swabs,4.15
Household Items,band-aids,2.27
Household Items,band-aids,2.27
Household Items,band-aids,2.27
Household Items,band-aids,2.8
Household Items,band-aids,2.9
Household Items,first aid kit,7.4
Household Items,first aid kit,8.9
Household Items,first aid kit,8.97
Household Items,first aid kit,8.99
Household Items,first aid kit,9.99
Personal Care,lotion,2.95
Personal Care,lotion,3.45
Personal Care,lotion,3.56
Personal Care,lotion,3.65
Personal Care,lotion,3.65
Personal Care,lip balm,1.77
Personal Care,lip balm,1.83
Personal Care,lip balm,1.95
Personal Care,lip balm,1.95
Personal Care,lip balm,2.25
Personal Care,sunscreen,5.99
Personal Care,sunscreen,6.79
Personal Care,sunscreen,6.99
Personal Care,sunscreen,7.55
Personal Care,sunscreen,7.55
Personal Care,hair gel,2.59
Personal Care,hair gel,2.95
Personal Care,hair gel,2.95
Personal Care,hair gel,2.95
Personal Care,hair gel,2.95
Personal Care,hair spray,1.25
Personal Care,hair spray,2.36
Personal Care,hair spray,2.95
Personal Care,hair spray,2.95
Personal Care,hair spray,2.95
Personal Care,nail polish,1.3
Personal Care,nail polish,1.75
Personal Care,nail polish,1.75
Personal Care,nail polish,1.75
Personal Care,nail polish,1.75
Personal Care,nail polish remover,2.65
Personal Care,nail polish remover,2.99
Personal Care,nail polish remover,2.99
Personal Care,nail polish remover,3.49
Personal Care,nail polish remover,3.49
Personal Care,makeup remover,2.45
Personal Care,makeup remover,2.45
Personal Care,makeup remover,2.45
Personal Care,makeup remover,2.45
Personal Care,makeup remover,2.45
Personal Care,facial cleanser,3.95
Personal Care,facial cleanser,4.45
Personal Care,facial cleanser,4.65
Personal Care,facial cleanser,4.95
Personal Care,facial cleanser,4.95
Personal Care,moisturizer,3.95
Personal Care,moisturizer,3.95
Personal Care,moisturizer,5.37
Personal Care,moisturizer,5.63
Personal Care,moisturizer,5.68
Personal Care,shaving cream,1.55
Personal Care,shaving cream,1.63
Personal Care,shaving cream,1.95
Personal Care,shaving cream,1.95
Personal Care,shaving cream,2.45
Personal Care,toothbrush,1.35
Personal Care,toothbrush,1.95
Personal Care,toothbrush,2.25
Personal Care,toothbrush,2.45
Personal Care,toothbrush,2.45
Personal Care,floss,1.95
Personal Care,floss,1.99
Personal Care,floss,1.99
Personal Care,floss,2.09
Personal Care,floss,2.99
Personal Care,mouthwash,2.95
Personal Care,mouthwash,3.29
Personal Care,mouthwash,3.75
Personal Care,mouthwash,3.95
Personal Care,mouthwash,3.99
Personal Care,cotton balls,1.43
Personal Care,cotton balls,1.99
Personal Care,cotton balls,2.19
Personal Care,cotton balls,4.74
Personal Care,cotton balls,4.99
Personal Care,q-tips,3.49
Personal Care,q-tips,3.59
Personal Care,q-tips,3.79
Personal Care,q-tips,4.39
Personal Care,q-tips,4.49
Personal Care,feminine hygiene products,2.75
Personal Care,feminine hygiene products,2.84
Personal Care,feminine hygiene products,2.95
Personal Care,feminine hygiene products,2.95
Personal Care,feminine hygiene products,3.29
Personal Care,diapers,3.69
Personal Care,diapers,6.95
Personal Care,diapers,6.95
Personal Care,diapers,7.35
Personal Care,diapers,9.15
Personal Care,baby wipes,1.49
Personal Care,baby wipes,1.75
Personal Care,baby wipes,1.95
Personal Care,baby wipes,2.49
Personal Care,baby wipes,2.64
Personal Care,baby lotion,2.75
Personal Care,baby lotion,2.75
Personal Care,baby lotion,2.75
Personal Care,baby lotion,2.93
Personal Care,baby lotion,3.25
Personal Care,baby shampoo,1.85
Personal Care,baby shampoo,2.37
Personal Care,baby shampoo,2.45
Personal Care,baby shampoo,2.79
Personal Care,baby shampoo,3.21
Pet Supplies,dog food,32.99
Pet Supplies,dog food,83.95
Pet Supplies,cat food,33.89
Pet Supplies,cat food,54.99
Pet Supplies,pet treats,5.99
Pet Supplies,pet treats,7.99
Pet Supplies,pet treats,8.79
Pet Supplies,pet treats,10.98
Pet Supplies,pet treats,14.88
Pet Supplies,pet toys,6.49
Pet Supplies,pet toys,6.79
Pet Supplies,pet toys,6.99
Pet Supplies,pet toys,6.99
Pet Supplies,pet toys,6.99
Pet Supplies,pet shampoo,5.25
Pet Supplies,pet shampoo,5.29
Pet Supplies,pet shampoo,5.79
Pet Supplies,pet shampoo,5.95
Pet Supplies,pet shampoo,6.79
Pet Supplies,pet litter,2.0
Pet Supplies,pet litter,6.58
Pet Supplies,pet litter,6.59
Pet Supplies,pet litter,6.59
Pet Supplies,pet litter,6.99
Pet Supplies,pet grooming supplies,3.19
Pet Supplies,pet grooming supplies,4.09
Pet Supplies,pet grooming supplies,4.57
Pet Supplies,pet grooming supplies,4.99
Pet Supplies,pet grooming supplies,5.69
Pet Supplies,pet bed,6.99
Pet Supplies,pet bed,8.99
Pet Supplies,pet bed,10.89
Pet Supplies,pet bed,12.68
Pet Supplies,pet bed,12.98
Pet Supplies,pet leash,4.7
Pet Supplies,pet leash,4.95
Pet Supplies,pet leash,4.99
Pet Supplies,pet leash,5.99
Pet Supplies,pet leash,6.49
Pet Supplies,pet collar,4.09
Pet Supplies,pet collar,4.56
Pet Supplies,pet collar,4.99
Pet Supplies,pet collar,5.29
Pet Supplies,pet collar,5.59
Pet Supplies,pet carrier,16.99
Pet Supplies,pet carrier,17.99
Pet Supplies,pet carrier,18.99
Pet Supplies,pet carrier,23.98
Pet Supplies,pet carrier,24.99
Pet Supplies,pet training pads,4.96
Pet Supplies,pet training pads,7.69
Pet Supplies,pet training pads,8.19
Pet Supplies,pet training pads,12.98
Pet Supplies,pet training pads,12.99
Pet Supplies,pet first aid kit,7.39
Pet Supplies,pet first aid kit,7.99
Pet Supplies,pet first aid kit,7.99
Pet Supplies,pet first aid kit,7.99
Pet Supplies,pet first aid kit,8.56
Pet Supplies,pet flea and tick treatment,6.99
Pet Supplies,pet flea and tick treatment,7.99
Pet Supplies,pet flea and tick treatment,8.59
Pet Supplies,pet flea and tick treatment,8.99
Pet Supplies,pet flea and tick treatment,8.99
Pet Supplies,pet dental chews,9.99
Pet Supplies,pet dental chews,10.98
Pet Supplies,pet dental chews,10.99
Pet Supplies,pet dental chews,12.99
Pet Supplies,pet dental chews,13.98
Pet Supplies,pet waste bags,4.69
Pet Supplies,pet waste bags,4.75
Pet Supplies,pet waste bags,6.49
Pet Supplies,pet waste bags,6.99
Pet Supplies,pet waste bags,7.99
Pet Supplies,pet water bowl,8.59
Pet Supplies,pet water bowl,8.99
Pet Supplies,pet water bowl,9.49
Pet Supplies,pet water bowl,9.62
Pet Supplies,pet water bowl,9.99
Pet Supplies,pet food storage container,9.99
Pet Supplies,pet food storage container,9.99
Pet Supplies,pet food storage container,9.99
Pet Supplies,pet food storage container,10.99
Pet Supplies,pet food storage container,10.99
Pet Supplies,pet grooming brush,5.29
Pet Supplies,pet grooming brush,5.99
Pet Supplies,pet grooming brush,5.99
Pet Supplies,pet grooming brush,6.3
Pet Supplies,pet grooming brush,6.99
Pet Supplies,pet nail clippers,2.87
Pet Supplies,pet nail clippers,3.39
Pet Supplies,pet nail clippers,3.99
Pet Supplies,pet nail clippers,3.99
Pet Supplies,pet nail clippers,3.99
Health and Wellness,vitamins,8.9
Health and Wellness,vitamins,9.78
Health and Wellness,vitamins,9.95
Health and Wellness,vitamins,9.95
Health and Wellness,vitamins,9.99
Health and Wellness,supplements,8.95
Health and Wellness,supplements,8.99
Health and Wellness,supplements,8.99
Health and Wellness,supplements,9.87
Health and Wellness,supplements,9.99
Health and Wellness,pain relievers,5.49
Health and Wellness,pain relievers,5.69
Health and Wellness,pain relievers,6.71
Health and Wellness,pain relievers,6.99
Health and Wellness,pain relievers,8.99
Health and Wellness,cold medicine,8.56
Health and Wellness,cold medicine,9.95
Health and Wellness,cold medicine,10.82
Health and Wellness,cold medicine,12.6
Health and Wellness,cold medicine,12.88
Health and Wellness,allergy medicine,18.9
Health and Wellness,allergy medicine,18.94
Health and Wellness,allergy medicine,18.99
Health and Wellness,allergy medicine,20.43
Health and Wellness,allergy medicine,20.66
Health and Wellness,stomach medicine,7.14
Health and Wellness,stomach medicine,8.23
Health and Wellness,stomach medicine,11.78
Health and Wellness,stomach medicine,11.9
Health and Wellness,stomach medicine,13.87
Health and Wellness,first aid supplies,7.4
Health and Wellness,first aid supplies,7.99
Health and Wellness,first aid supplies,8.59
Health and Wellness,first aid supplies,8.9
Health and Wellness,first aid supplies,8.97
Health and Wellness,thermometer,2.59
Health and Wellness,thermometer,3.5
Health and Wellness,thermometer,3.59
Health and Wellness,thermometer,3.59
Health and Wellness,thermometer,4.49
Health and Wellness,bandages,2.27
Health and Wellness,bandages,2.27
Health and Wellness,bandages,4.99
Health and Wellness,bandages,5.02
Health and Wellness,bandages,5.99
Health and Wellness,antiseptic wipes,5.75
Health and Wellness,antiseptic wipes,5.86
Health and Wellness,antiseptic wipes,5.88
Health and Wellness,antiseptic wipes,6.99
Health and Wellness,antiseptic wipes,7.31
Health and Wellness,hand sanitizer,1.95
Health and Wellness,hand sanitizer,4.9
Health and Wellness,hand sanitizer,7.37
Health and Wellness,hand sanitizer,9.95
Health and Wellness,hand sanitizer,9.99
Health and Wellness,cough drops,7.98
Health and Wellness,cough drops,8.39
Health and Wellness,cough drops,9.99
Health and Wellness,cough drops,11.4
Health and Wellness,cough drops,12.92
Health and Wellness,lozenges,10.92
Health and Wellness,lozenges,11.33
Health and Wellness,lozenges,12.6
Health and Wellness,lozenges,13.99
Health and Wellness,lozenges,14.39
Health and Wellness,nasal spray,7.99
Health and Wellness,nasal spray,8.19
Health and Wellness,nasal spray,8.99
Health and Wellness,nasal spray,9.99
Health and Wellness,nasal spray,10.03
Health and Wellness,eye drops,7.99
Health and Wellness,eye drops,9.2
Health and Wellness,eye drops,9.95
Health and Wellness,eye drops,9.99
Health and Wellness,eye drops,10.26
Health and Wellness,ear drops,3.99
Health and Wellness,ear drops,4.99
Health and Wellness,ear drops,5.69
Health and Wellness,ear drops,5.99
Health and Wellness,ear drops,5.99
Health and Wellness,sore throat spray,8.99
Health and Wellness,sore throat spray,9.49
Health and Wellness,sore throat spray,10.0
Health and Wellness,sore throat spray,11.0
Health and Wellness,sore throat spray,11.4
Health and Wellness,muscle rub,5.04
Health and Wellness,muscle rub,5.39
Health and Wellness,muscle rub,5.49
Health and Wellness,muscle rub,6.54
Health and Wellness,muscle rub,6.95
Health and Wellness,heat patches,5.5
Health and Wellness,heat patches,5.99
Health and Wellness,heat patches,6.79
Health and Wellness,heat patches,6.89
Health and Wellness,heat patches,7.99
Health and Wellness,ice packs,5.69
Health and Wellness,ice packs,6.29
Health and Wellness,ice packs,6.92
Health and Wellness,ice packs,7.77
Health and Wellness,ice packs,7.89
Appearal,t-shirts,8.47
Appearal,t-shirts,8.72
Appearal,t-shirts,9.34
Appearal,t-shirts,9.9
Appearal,t-shirts,10.07
Appearal,jeans,14.99
Appearal,jeans,19.99
Appearal,jeans,20.79
Appearal,jeans,21.09
Appearal,jeans,22.99
Appearal,sweaters,13.59
Appearal,sweaters,13.7
Appearal,sweaters,13.99
Appearal,sweaters,14.29
Appearal,sweaters,14.99
Appearal,jackets,22.0
Appearal,jackets,22.75
Appearal,jackets,23.78
Appearal,jackets,25.23
Appearal,jackets,25.49
Appearal,socks,7.64
Appearal,socks,8.49
Appearal,socks,8.49
Appearal,socks,8.99
Appearal,socks,9.34
Appearal,underwear,10.44
Appearal,underwear,10.99
Appearal,underwear,10.99
Appearal,underwear,10.99
Appearal,underwear,12.74
Appearal,shoes,25.38
Appearal,shoes,26.99
Appearal,shoes,27.48
Appearal,shoes,28.99
Appearal,shoes,28.99
Appearal,sandals,6.57
Appearal,sandals,9.98
Appearal,sandals,11.98
Appearal,sandals,11.99
Appearal,sandals,12.99
Appearal,boots,25.58
Appearal,boots,25.85
Appearal,boots,26.04
Appearal,boots,26.99
Appearal,boots,27.31
Appearal,hats,5.24
Appearal,hats,6.98
Appearal,hats,6.99
Appearal,hats,7.09
Appearal,hats,7.1
Appearal,scarves,4.59
Appearal,scarves,4.99
Appearal,scarves,4.99
Appearal,scarves,5.4
Appearal,scarves,5.5
Appearal,gloves,3.99
Appearal,gloves,5.49
Appearal,gloves,5.99
Appearal,gloves,5.99
Appearal,gloves,6.99
Appearal,belts,6.74
Appearal,belts,6.79
Appearal,belts,6.99
Appearal,belts,6.99
Appearal,belts,7.64
Appearal,ties,2.99
Appearal,ties,3.94
Appearal,ties,3.99
Appearal,ties,3.99
Appearal,ties,3.99
Appearal,sunglasses,5.99
Appearal,sunglasses,6.11
Appearal,sunglasses,6.99
Appearal,sunglasses,6.99
Appearal,sunglasses,8.49
Appearal,swimwear,10.99
Appearal,swimwear,11.54
Appearal,swimwear,12.98
Appearal,swimwear,14.99
Appearal,swimwear,14.99
Appearal,activewear,6.29
Appearal,activewear,6.79
Appearal,activewear,7.59
Appearal,activewear,7.59
Appearal,activewear,7.99
Appearal,pajamas,9.99
Appearal,pajamas,9.99
Appearal,pajamas,13.99
Appearal,pajamas,14.18
Appearal,pajamas,14.24
Appearal,loungewear,9.99
Appearal,loungewear,9.99
Appearal,loungewear,12.95
Appearal,loungewear,12.99
Appearal,loungewear,13.79
Appearal,workout clothes,8.99
Appearal,workout clothes,9.99
Appearal,workout clothes,9.99
Appearal,workout clothes,10.99
Appearal,workout clothes,10.99
Appearal,accessories,2.99
Appearal,accessories,3.8
Appearal,accessories,4.98
Appearal,accessories,4.99
Appearal,accessories,5.39
Electronics,smartphone,8.99
Electronics,smartphone,38.5
Electronics,smartphone,56.99
Electronics,smartphone,71.99
Electronics,smartphone,79.99
Electronics,laptop,189.0
Electronics,laptop,199.98
Electronics,laptop,203.98
Electronics,laptop,229.89
Electronics,laptop,249.99
Electronics,tablet,62.0
Electronics,tablet,69.99
Electronics,tablet,74.99
Electronics,tablet,79.95
Electronics,tablet,79.99
Electronics,smartwatch,29.99
Electronics,smartwatch,29.99
Electronics,smartwatch,29.99
Electronics,smartwatch,29.99
Electronics,smartwatch,29.99
Electronics,headphones,9.53
Electronics,headphones,12.99
Electronics,headphones,16.0
Electronics,headphones,17.99
Electronics,headphones,18.99
Electronics,bluetooth speaker,25.99
Electronics,bluetooth speaker,25.99
Electronics,bluetooth speaker,27.99
Electronics,bluetooth speaker,28.99
Electronics,bluetooth speaker,28.99
Electronics,smart home devices,9.79
Electronics,smart home devices,9.9
Electronics,smart home devices,11.9
Electronics,smart home devices,12.82
Electronics,smart home devices,12.99
Electronics,gaming console,22.99
Electronics,gaming console,26.99
Electronics,gaming console,29.79
Electronics,gaming console,30.99
Electronics,gaming console,34.98
Electronics,camera,17.99
Electronics,camera,17.99
Electronics,camera,19.99
Electronics,camera,19.99
Electronics,camera,21.36
Electronics,printer,23.99
Electronics,printer,35.0
Electronics,printer,45.94
Electronics,printer,47.79
Electronics,printer,47.79
Electronics,external hard drive,27.0
Electronics,external hard drive,27.59
Electronics,external hard drive,27.59
Electronics,external hard drive,29.81
Electronics,external hard drive,29.81
Electronics,USB flash drive,6.39
Electronics,USB flash drive,7.99
Electronics,USB flash drive,9.99
Electronics,USB flash drive,11.56
Electronics,USB flash drive,11.91
Electronics,memory card,5.69
Electronics,memory card,6.8
Electronics,memory card,7.99
Electronics,memory card,9.99
Electronics,memory card,10.99
Electronics,charger,9.34
Electronics,charger,9.34
Electronics,charger,9.49
Electronics,charger,9.58
Electronics,charger,9.99
Electronics,power bank,16.98
Electronics,power bank,16.99
Electronics,power bank,16.99
Electronics,power bank,17.5
Electronics,power bank,18.99
Electronics,cables and adapters,5.93
Electronics,cables and adapters,5.99
Electronics,cables and adapters,6.89
Electronics,cables and adapters,6.99
Electronics,cables and adapters,6.99
Electronics,screen protector,5.93
Electronics,screen protector,5.94
Electronics,screen protector,5.95
Electronics,screen protector,5.99
Electronics,screen protector,6.39
Electronics,phone case,5.51
Electronics,phone case,5.83
Electronics,phone case,8.49
Electronics,phone case,8.69
Electronics,phone case,8.69
Electronics,laptop sleeve,11.99
Electronics,laptop sleeve,11.99
Electronics,laptop sleeve,11.99
Electronics,laptop sleeve,11.99
Electronics,laptop sleeve,11.99
Electronics,tablet case,9.95
Electronics,tablet case,9.99
Electronics,tablet case,10.39
Electronics,tablet case,10.99
Electronics,tablet case,11.51
Books and Media,novels,0.0
Books and Media,novels,0.0
Books and Media,novels,0.0
Books and Media,novels,0.0
Books and Media,novels,0.0
Books and Media,textbooks,10.35
Books and Media,textbooks,12.23
Books and Media,textbooks,14.97
Books and Media,textbooks,19.99
Books and Media,textbooks,22.35
Books and Media,magazines,7.5
Books and Media,magazines,8.5
Books and Media,magazines,8.5
Books and Media,magazines,9.9
Books and Media,magazines,10.99
Books and Media,newspapers,4.59
Books and Media,newspapers,4.9
Books and Media,newspapers,4.99
Books and Media,newspapers,5.49
Books and Media,newspapers,5.58
Books and Media,comics,0.0
Books and Media,comics,5.99
Books and Media,comics,6.99
Books and Media,comics,6.99
Books and Media,comics,6.99
Books and Media,graphic novels,7.51
Books and Media,graphic novels,9.0
Books and Media,graphic novels,10.99
Books and Media,graphic novels,11.28
Books and Media,graphic novels,11.43
Books and Media,audiobooks,0.0
Books and Media,audiobooks,0.0
Books and Media,audiobooks,0.0
Books and Media,audiobooks,0.0
Books and Media,audiobooks,0.0
Books and Media,e-books,0.0
Books and Media,e-books,0.0
Books and Media,e-books,0.0
Books and Media,e-books,0.0
Books and Media,e-books,0.0
Books and Media,movies,3.99
Books and Media,movies,3.99
Books and Media,movies,3.99
Books and Media,movies,4.99
Books and Media,movies,4.99
Books and Media,TV shows,0.0
Books and Media,TV shows,0.0
Books and Media,TV shows,0.0
Books and Media,TV shows,0.0
Books and Media,TV shows,2.13
Books and Media,music CDs,4.99
Books and Media,music CDs,5.42
Books and Media,music CDs,5.99
Books and Media,music CDs,5.99
Books and Media,music CDs,7.99
Books and Media,vinyl records,8.99
Books and Media,vinyl records,11.98
Books and Media,vinyl records,12.87
Books and Media,vinyl records,12.99
Books and Media,vinyl records,13.99
Books and Media,video games,11.99
Books and Media,video games,12.45
Books and Media,video games,15.99
Books and Media,video games,16.2
Books and Media,video games,16.99
Books and Media,board games,7.99
Books and Media,board games,9.05
Books and Media,board games,9.49
Books and Media,board games,9.49
Books and Media,board games,11.99
Books and Media,puzzles,5.99
Books and Media,puzzles,6.69
Books and Media,puzzles,7.14
Books and Media,puzzles,7.61
Books and Media,puzzles,8.49
Books and Media,stationery,4.59
Books and Media,stationery,4.99
Books and Media,stationery,5.23
Books and Media,stationery,5.9
Books and Media,stationery,5.99
Books and Media,art supplies,7.22
Books and Media,art supplies,7.98
Books and Media,art supplies,7.99
Books and Media,art supplies,8.49
Books and Media,art supplies,9.49
Books and Media,craft supplies,4.99
Books and Media,craft supplies,5.88
Books and Media,craft supplies,5.98
Books and Media,craft supplies,5.99
Books and Media,craft supplies,5.99
Books and Media,photography supplies,6.99
Books and Media,photography supplies,6.99
Books and Media,photography supplies,7.99
Books and Media,photography supplies,9.99
Books and Media,photography supplies,10.99
Sports and Outdoors,exercise equipment,6.59
Sports and Outdoors,exercise equipment,7.99
Sports and Outdoors,exercise equipment,7.99
Sports and Outdoors,exercise equipment,8.99
Sports and Outdoors,exercise equipment,9.79
Sports and Outdoors,yoga mat,6.99
Sports and Outdoors,yoga mat,11.48
Sports and Outdoors,yoga mat,12.99
Sports and Outdoors,yoga mat,14.76
Sports and Outdoors,yoga mat,14.99
Sports and Outdoors,dumbbells,8.99
Sports and Outdoors,dumbbells,8.99
Sports and Outdoors,dumbbells,10.17
Sports and Outdoors,dumbbells,12.99
Sports and Outdoors,dumbbells,15.01
Sports and Outdoors,resistance bands,6.38
Sports and Outdoors,resistance bands,6.44
Sports and Outdoors,resistance bands,6.44
Sports and Outdoors,resistance bands,6.78
Sports and Outdoors,resistance bands,8.99
Sports and Outdoors,bike accessories,6.99
Sports and Outdoors,bike accessories,6.99
Sports and Outdoors,bike accessories,7.79
Sports and Outdoors,bike accessories,7.95
Sports and Outdoors,bike accessories,7.97
Sports and Outdoors,camping gear,7.99
Sports and Outdoors,camping gear,9.97
Sports and Outdoors,camping gear,9.99
Sports and Outdoors,camping gear,9.99
Sports and Outdoors,camping gear,9.99
Sports and Outdoors,hiking gear,6.89
Sports and Outdoors,hiking gear,7.4
Sports and Outdoors,hiking gear,8.97
Sports and Outdoors,hiking gear,9.59
Sports and Outdoors,hiking gear,9.97
Sports and Outdoors,fishing gear,5.99
Sports and Outdoors,fishing gear,5.99
Sports and Outdoors,fishing gear,6.49
Sports and Outdoors,fishing gear,6.59
Sports and Outdoors,fishing gear,6.69
Sports and Outdoors,hunting gear,8.99
Sports and Outdoors,hunting gear,8.99
Sports and Outdoors,hunting gear,8.99
Sports and Outdoors,hunting gear,9.59
Sports and Outdoors,hunting gear,9.59
Sports and Outdoors,golf clubs,19.99
Sports and Outdoors,golf clubs,19.99
Sports and Outdoors,golf clubs,22.9
Sports and Outdoors,golf clubs,24.0
Sports and Outdoors,golf clubs,27.79
Sports and Outdoors,tennis rackets,14.26
Sports and Outdoors,tennis rackets,18.0
Sports and Outdoors,tennis rackets,26.99
Sports and Outdoors,tennis rackets,27.9
Sports and Outdoors,tennis rackets,27.9
Sports and Outdoors,basketball,7.95
Sports and Outdoors,basketball,7.95
Sports and Outdoors,basketball,8.99
Sports and Outdoors,basketball,9.95
Sports and Outdoors,basketball,9.99
Sports and Outdoors,soccer ball,9.49
Sports and Outdoors,soccer ball,9.49
Sports and Outdoors,soccer ball,9.87
Sports and Outdoors,soccer ball,11.49
Sports and Outdoors,soccer ball,11.49
Sports and Outdoors,baseball glove,13.99
Sports and Outdoors,baseball glove,14.99
Sports and Outdoors,baseball glove,15.23
Sports and Outdoors,baseball glove,15.99
Sports and Outdoors,baseball glove,15.99
Sports and Outdoors,skateboard,20.26
Sports and Outdoors,skateboard,20.99
Sports and Outdoors,skateboard,23.49
Sports and Outdoors,skateboard,24.99
Sports and Outdoors,skateboard,30.9
Sports and Outdoors,rollerblades,39.99
Sports and Outdoors,rollerblades,39.99
Sports and Outdoors,rollerblades,42.49
Sports and Outdoors,rollerblades,42.49
Sports and Outdoors,rollerblades,42.49
Sports and Outdoors,snowboard,5.69
Sports and Outdoors,snowboard,5.98
Sports and Outdoors,snowboard,7.99
Sports and Outdoors,snowboard,7.99
Sports and Outdoors,snowboard,7.99
Sports and Outdoors,ski equipment,5.98
Sports and Outdoors,ski equipment,5.98
Sports and Outdoors,ski equipment,5.98
Sports and Outdoors,ski equipment,5.98
Sports and Outdoors,ski equipment,5.99
Sports and Outdoors,swimming gear,5.49
Sports and Outdoors,swimming gear,5.99
Sports and Outdoors,swimming gear,6.99
Sports and Outdoors,swimming gear,7.73
Sports and Outdoors,swimming gear,7.95
Toys and Games,action figures,4.69
Toys and Games,action figures,6.49
Toys and Games,action figures,6.99
Toys and Games,action figures,6.99
Toys and Games,action figures,6.99
Toys and Games,dolls,6.99
Toys and Games,dolls,8.57
Toys and Games,dolls,8.99
Toys and Games,dolls,8.99
Toys and Games,dolls,9.46
Toys and Games,board games,7.99
Toys and Games,board games,9.05
Toys and Games,board games,9.49
Toys and Games,board games,9.49
Toys and Games,board games,12.99
Toys and Games,puzzles,7.61
Toys and Games,puzzles,7.91
Toys and Games,puzzles,8.49
Toys and Games,puzzles,8.99
Toys and Games,puzzles,8.99
Toys and Games,building blocks,9.99
Toys and Games,building blocks,10.29
Toys and Games,building blocks,11.24
Toys and Games,building blocks,11.24
Toys and Games,building blocks,11.51
Toys and Games,stuffed animals,7.89
Toys and Games,stuffed animals,8.56
Toys and Games,stuffed animals,8.8
Toys and Games,stuffed animals,8.99
Toys and Games,stuffed animals,9.79
Toys and Games,arts and crafts kits,5.99
Toys and Games,arts and crafts kits,6.19
Toys and Games,arts and crafts kits,6.99
Toys and Games,arts and crafts kits,7.49
Toys and Games,arts and crafts kits,7.59
Toys and Games,science kits,7.99
Toys and Games,science kits,7.99
Toys and Games,science kits,9.49
Toys and Games,science kits,9.79
Toys and Games,science kits,10.29
Toys and Games,educational toys,5.99
Toys and Games,educational toys,6.99
Toys and Games,educational toys,6.99
Toys and Games,educational toys,7.99
Toys and Games,educational toys,7.99
Toys and Games,outdoor toys,6.77
Toys and Games,outdoor toys,8.95
Toys and Games,outdoor toys,8.95
Toys and Games,outdoor toys,8.99
Toys and Games,outdoor toys,8.99
Toys and Games,sports equipment for kids,8.39
Toys and Games,sports equipment for kids,8.99
Toys and Games,sports equipment for kids,9.89
Toys and Games,sports equipment for kids,9.98
Toys and Games,sports equipment for kids,9.99
Toys and Games,video games for kids,10.99
Toys and Games,video games for kids,12.5
Toys and Games,video games for kids,13.99
Toys and Games,video games for kids,13.99
Toys and Games,video games for kids,14.22
Toys and Games,musical instruments for kids,9.29
Toys and Games,musical instruments for kids,11.41
Toys and Games,musical instruments for kids,11.99
Toys and Games,musical instruments for kids,11.99
Toys and Games,musical instruments for kids,13.99
Toys and Games,playsets,7.99
Toys and Games,playsets,8.49
Toys and Games,playsets,8.49
Toys and Games,playsets,8.9
Toys and Games,playsets,9.99
Toys and Games,remote control cars,13.99
Toys and Games,remote control cars,15.99
Toys and Games,remote control cars,16.25
Toys and Games,remote control cars,16.99
Toys and Games,remote control cars,16.99
Toys and Games,drones,0.0
Toys and Games,drones,0.0
Toys and Games,drones,4.95
Toys and Games,drones,7.03
Toys and Games,drones,17.99
Toys and Games,robot kits,16.99
Toys and Games,robot kits,20.89
Toys and Games,robot kits,20.89
Toys and Games,robot kits,23.89
Toys and Games,robot kits,27.54
Toys and Games,magic sets,5.99
Toys and Games,magic sets,7.19
Toys and Games,magic sets,7.9
Toys and Games,magic sets,7.99
Toys and Games,magic sets,7.99
Toys and Games,card games,5.87
Toys and Games,card games,6.29
Toys and Games,card games,6.98
Toys and Games,card games,6.99
Toys and Games,card games,6.99
Gardening Supplies,seeds,1.79
Gardening Supplies,seeds,1.79
Gardening Supplies,seeds,1.79
Gardening Supplies,seeds,1.89
Gardening Supplies,seeds,1.99
Gardening Supplies,soil,5.99
Gardening Supplies,soil,7.69
Gardening Supplies,soil,7.99
Gardening Supplies,soil,12.42
Gardening Supplies,soil,13.89
Gardening Supplies,fertilizer,19.99
Gardening Supplies,fertilizer,21.49
Gardening Supplies,fertilizer,26.78
Gardening Supplies,fertilizer,35.99
Gardening Supplies,fertilizer,54.99
Gardening Supplies,plant food,5.71
Gardening Supplies,plant food,7.49
Gardening Supplies,plant food,7.89
Gardening Supplies,plant food,12.42
Gardening Supplies,plant food,13.91
Gardening Supplies,gardening tools,7.29
Gardening Supplies,gardening tools,7.68
Gardening Supplies,gardening tools,7.99
Gardening Supplies,gardening tools,8.98
Gardening Supplies,gardening tools,9.72
Gardening Supplies,gloves,2.29
Gardening Supplies,gloves,3.79
Gardening Supplies,gloves,3.99
Gardening Supplies,gloves,5.99
Gardening Supplies,gloves,5.99
Gardening Supplies,watering can,6.98
Gardening Supplies,watering can,6.99
Gardening Supplies,watering can,7.99
Gardening Supplies,watering can,7.99
Gardening Supplies,watering can,8.09
Gardening Supplies,hose,10.07
Gardening Supplies,hose,14.99
Gardening Supplies,hose,14.99
Gardening Supplies,hose,15.19
Gardening Supplies,hose,16.3
Gardening Supplies,pruning shears,8.99
Gardening Supplies,pruning shears,17.25
Gardening Supplies,pruning shears,21.29
Gardening Supplies,pruning shears,21.99
Gardening Supplies,pruning shears,22.85
Gardening Supplies,rake,10.45
Gardening Supplies,rake,13.9
Gardening Supplies,rake,13.99
Gardening Supplies,rake,16.89
Gardening Supplies,rake,16.89
Gardening Supplies,shovel,6.99
Gardening Supplies,shovel,6.99
Gardening Supplies,shovel,7.99
Gardening Supplies,shovel,7.99
Gardening Supplies,shovel,8.98
Gardening Supplies,trowel,2.86
Gardening Supplies,trowel,3.31
Gardening Supplies,trowel,3.89
Gardening Supplies,trowel,4.29
Gardening Supplies,trowel,4.37
Gardening Supplies,wheelbarrow,6.65
Gardening Supplies,wheelbarrow,7.97
Gardening Supplies,wheelbarrow,18.59
Gardening Supplies,wheelbarrow,19.76
Gardening Supplies,wheelbarrow,21.95
Gardening Supplies,compost bin,12.21
Gardening Supplies,compost bin,13.89
Gardening Supplies,compost bin,13.89
Gardening Supplies,compost bin,13.89
Gardening Supplies,compost bin,13.99
Gardening Supplies,planters,3.89
Gardening Supplies,planters,4.99
Gardening Supplies,planters,6.49
Gardening Supplies,planters,8.96
Gardening Supplies,planters,9.95
Gardening Supplies,pots,13.39
Gardening Supplies,pots,13.9
Gardening Supplies,pots,14.97
Gardening Supplies,pots,15.88
Gardening Supplies,pots,18.45
Gardening Supplies,garden decor,8.99
Gardening Supplies,garden decor,8.99
Gardening Supplies,garden decor,10.44
Gardening Supplies,garden decor,10.49
Gardening Supplies,garden decor,10.49
Gardening Supplies,outdoor furniture,12.99
Gardening Supplies,outdoor furniture,15.99
Gardening Supplies,outdoor furniture,18.99
Gardening Supplies,outdoor furniture,26.05
Gardening Supplies,outdoor furniture,28.79
Gardening Supplies,outdoor lighting,17.09
Gardening Supplies,outdoor lighting,17.99
Gardening Supplies,outdoor lighting,17.99
Gardening Supplies,outdoor lighting,17.99
Gardening Supplies,outdoor lighting,18.69
Gardening Supplies,outdoor cooking equipment,14.98
Gardening Supplies,outdoor cooking equipment,16.99
Gardening Supplies,outdoor cooking equipment,17.68
Gardening Supplies,outdoor cooking equipment,17.99
Gardening Supplies,outdoor cooking equipment,17.99
Automotive Supplies,motor oil,38.48
Automotive Supplies,motor oil,49.9
Automotive Supplies,motor oil,63.9
Automotive Supplies,motor oil,95.06
Automotive Supplies,car wax,7.22
Automotive Supplies,car wax,8.41
Automotive Supplies,car wax,9.41
Automotive Supplies,car wax,9.99
Automotive Supplies,car wax,9.99
Automotive Supplies,tire cleaner,9.41
Automotive Supplies,tire cleaner,9.66
Automotive Supplies,tire cleaner,9.66
Automotive Supplies,tire cleaner,9.99
Automotive Supplies,tire cleaner,9.99
Automotive Supplies,windshield washer fluid,4.69
Automotive Supplies,windshield washer fluid,4.99
Automotive Supplies,windshield washer fluid,6.41
Automotive Supplies,windshield washer fluid,6.59
Automotive Supplies,windshield washer fluid,6.95
Automotive Supplies,car air freshener,3.99
Automotive Supplies,car air freshener,4.74
Automotive Supplies,car air freshener,4.79
Automotive Supplies,car air freshener,4.79
Automotive Supplies,car air freshener,4.99
Automotive Supplies,car cleaning supplies,3.39
Automotive Supplies,car cleaning supplies,4.59
Automotive Supplies,car cleaning supplies,4.69
Automotive Supplies,car cleaning supplies,4.89
Automotive Supplies,car cleaning supplies,5.78
Automotive Supplies,car maintenance tools,4.99
Automotive Supplies,car maintenance tools,4.99
Automotive Supplies,car maintenance tools,5.99
Automotive Supplies,car maintenance tools,6.99
Automotive Supplies,car maintenance tools,7.99
Automotive Supplies,jumper cables,4.79
Automotive Supplies,jumper cables,4.99
Automotive Supplies,jumper cables,4.99
Automotive Supplies,jumper cables,4.99
Automotive Supplies,jumper cables,4.99
Automotive Supplies,tire inflator,6.99
Automotive Supplies,tire inflator,10.98
Automotive Supplies,tire inflator,10.99
Automotive Supplies,tire inflator,14.99
Automotive Supplies,tire inflator,16.99
Automotive Supplies,car battery charger,13.59
Automotive Supplies,car battery charger,14.99
Automotive Supplies,car battery charger,16.14
Automotive Supplies,car battery charger,16.99
Automotive Supplies,car battery charger,17.99
Automotive Supplies,car cover,9.49
Automotive Supplies,car cover,15.29
Automotive Supplies,car cover,15.95
Automotive Supplies,car cover,19.99
Automotive Supplies,car cover,21.16
Automotive Supplies,roof rack,24.29
Automotive Supplies,roof rack,29.99
Automotive Supplies,roof rack,35.0
Automotive Supplies,roof rack,38.99
Automotive Supplies,roof rack,43.99
Automotive Supplies,trunk organizer,5.88
Automotive Supplies,trunk organizer,6.99
Automotive Supplies,trunk organizer,7.99
Automotive Supplies,trunk organizer,8.59
Automotive Supplies,trunk organizer,9.99
Automotive Supplies,seat covers,13.98
Automotive Supplies,seat covers,13.98
Automotive Supplies,seat covers,14.36
Automotive Supplies,seat covers,14.36
Automotive Supplies,seat covers,15.9
Automotive Supplies,floor mats,8.99
Automotive Supplies,floor mats,9.99
Automotive Supplies,floor mats,9.99
Automotive Supplies,floor mats,9.99
Automotive Supplies,floor mats,10.99
Automotive Supplies,steering wheel cover,5.49
Automotive Supplies,steering wheel cover,6.35
Automotive Supplies,steering wheel cover,6.59
Automotive Supplies,steering wheel cover,9.34
Automotive Supplies,steering wheel cover,9.99
Automotive Supplies,sunshade,7.99
Automotive Supplies,sunshade,9.49
Automotive Supplies,sunshade,9.99
Automotive Supplies,sunshade,10.9
Automotive Supplies,sunshade,10.99
Automotive Supplies,emergency kit,6.78
Automotive Supplies,emergency kit,7.4
Automotive Supplies,emergency kit,7.95
Automotive Supplies,emergency kit,8.97
Automotive Supplies,emergency kit,8.99
Automotive Supplies,first aid kit for car,7.49
Automotive Supplies,first aid kit for car,7.99
Automotive Supplies,first aid kit for car,8.9
Automotive Supplies,first aid kit for car,9.56
Automotive Supplies,first aid kit for car,9.59
Household Appliances,vacuum cleaner,39.99
Household Appliances,vacuum cleaner,39.99
Household Appliances,vacuum cleaner,59.99
Household Appliances,vacuum cleaner,75.99
Household Appliances,vacuum cleaner,84.99
Household Appliances,blender,19.95
Household Appliances,blender,19.95
Household Appliances,blender,19.99
Household Appliances,blender,26.33
Household Appliances,blender,30.9
Household Appliances,toaster,19.99
Household Appliances,toaster,19.99
Household Appliances,toaster,19.99
Household Appliances,toaster,19.99
Household Appliances,toaster,21.06
Household Appliances,microwave,54.9
Household Appliances,microwave,54.9
Household Appliances,microwave,57.9
Household Appliances,microwave,57.9
Household Appliances,microwave,57.9
Household Appliances,coffee maker,12.99
Household Appliances,coffee maker,14.24
Household Appliances,coffee maker,23.47
Household Appliances,coffee maker,23.92
Household Appliances,coffee maker,24.99
Household Appliances,kettle,15.99
Household Appliances,kettle,16.64
Household Appliances,kettle,19.99
Household Appliances,kettle,19.99
Household Appliances,kettle,22.94
Household Appliances,slow cooker,17.99
Household Appliances,slow cooker,24.99
Household Appliances,slow cooker,31.62
Household Appliances,slow cooker,37.0
Household Appliances,slow cooker,39.99
Household Appliances,rice cooker,22.82
Household Appliances,rice cooker,23.99
Household Appliances,rice cooker,24.95
Household Appliances,rice cooker,26.49
Household Appliances,rice cooker,26.95
Household Appliances,food processor,21.99
Household Appliances,food processor,21.99
Household Appliances,food processor,32.99
Household Appliances,food processor,41.99
Household Appliances,food processor,48.21
Household Appliances,stand mixer,19.95
Household Appliances,stand mixer,19.98
Household Appliances,stand mixer,30.9
Household Appliances,stand mixer,31.99
Household Appliances,stand mixer,39.9
Household Appliances,hand mixer,13.53
Household Appliances,hand mixer,14.44
Household Appliances,hand mixer,15.99
Household Appliances,hand mixer,15.99
Household Appliances,hand mixer,16.58
Household Appliances,electric grill,31.81
Household Appliances,electric grill,39.0
Household Appliances,electric grill,47.5
Household Appliances,electric grill,49.0
Household Appliances,electric grill,56.99
Household Appliances,air fryer,49.99
Household Appliances,air fryer,54.99
Household Appliances,air fryer,59.42
Household Appliances,air fryer,64.95
Household Appliances,air fryer,69.99
Household Appliances,electric skillet,24.99
Household Appliances,electric skillet,37.99
Household Appliances,electric skillet,39.47
Household Appliances,electric skillet,39.94
Household Appliances,electric skillet,39.99
Household Appliances,electric can opener,8.99
Household Appliances,electric can opener,11.99
Household Appliances,electric can opener,16.19
Household Appliances,electric can opener,16.19
Household Appliances,electric can opener,17.9
Household Appliances,electric knife,40.99
Household Appliances,electric knife,42.99
Household Appliances,electric knife,56.99
Household Appliances,electric knife,59.99
Household Appliances,electric knife,59.99
Household Appliances,electric toothbrush,9.99
Household Appliances,electric toothbrush,9.99
Household Appliances,electric toothbrush,9.99
Household Appliances,electric toothbrush,11.04
Household Appliances,electric toothbrush,11.99
Household Appliances,hair dryer,14.99
Household Appliances,hair dryer,15.19
Household Appliances,hair dryer,15.85
Household Appliances,hair dryer,17.84
Household Appliances,hair dryer,18.65
Household Appliances,curling iron,15.47
Household Appliances,curling iron,17.99
Household Appliances,curling iron,18.69
Household Appliances,curling iron,18.69
Household Appliances,curling iron,18.69
Household Appliances,straightening iron,13.99
Household Appliances,straightening iron,13.99
Household Appliances,straightening iron,14.45
Household Appliances,straightening iron,14.45
Household Appliances,straightening iron,16.99
Office Supplies,printer paper,4.95
Office Supplies,printer paper,5.95
Office Supplies,printer paper,6.15
Office Supplies,printer paper,7.8
Office Supplies,printer paper,7.9
Office Supplies,notebooks,8.5
Office Supplies,notebooks,10.9
Office Supplies,notebooks,10.99
Office Supplies,notebooks,19.99
Office Supplies,notebooks,24.99
Office Supplies,pens,2.8
Office Supplies,pens,4.44
Office Supplies,pens,4.79
Office Supplies,pens,4.95
Office Supplies,pens,5.69
Office Supplies,pencils,2.28
Office Supplies,pencils,2.3
Office Supplies,pencils,2.83
Office Supplies,pencils,2.99
Office Supplies,pencils,2.99
Office Supplies,highlighters,2.79
Office Supplies,highlighters,3.45
Office Supplies,highlighters,3.49
Office Supplies,highlighters,3.69
Office Supplies,highlighters,3.9
Office Supplies,sticky notes,2.99
Office Supplies,sticky notes,2.99
Office Supplies,sticky notes,3.69
Office Supplies,sticky notes,3.99
Office Supplies,sticky notes,3.99
Office Supplies,paper clips,0.8
Office Supplies,paper clips,0.95
Office Supplies,paper clips,1.08
Office Supplies,paper clips,1.29
Office Supplies,paper clips,1.69
Office Supplies,stapler,3.65
Office Supplies,stapler,3.65
Office Supplies,stapler,3.65
Office Supplies,stapler,4.19
Office Supplies,stapler,4.57
Office Supplies,tape dispenser,2.9
Office Supplies,tape dispenser,2.99
Office Supplies,tape dispenser,3.25
Office Supplies,tape dispenser,3.59
Office Supplies,tape dispenser,3.99
Office Supplies,scissors,3.29
Office Supplies,scissors,3.49
Office Supplies,scissors,3.59
Office Supplies,scissors,3.79
Office Supplies,scissors,3.99
Office Supplies,envelopes,1.08
Office Supplies,envelopes,1.49
Office Supplies,envelopes,2.01
Office Supplies,envelopes,2.99
Office Supplies,envelopes,2.99
Office Supplies,folders,3.82
Office Supplies,folders,4.03
Office Supplies,folders,4.99
Office Supplies,folders,4.99
Office Supplies,folders,6.39
Office Supplies,binders,5.1
Office Supplies,binders,6.56
Office Supplies,binders,6.99
Office Supplies,binders,7.2
Office Supplies,binders,7.83
Office Supplies,whiteboard markers,2.9
Office Supplies,whiteboard markers,2.99
Office Supplies,whiteboard markers,2.99
Office Supplies,whiteboard markers,3.99
Office Supplies,whiteboard markers,3.99
Office Supplies,chalk,3.99
Office Supplies,chalk,4.09
Office Supplies,chalk,4.99
Office Supplies,chalk,5.2
Office Supplies,chalk,5.69
Office Supplies,index cards,2.22
Office Supplies,index cards,2.31
Office Supplies,index cards,2.49
Office Supplies,index cards,2.69
Office Supplies,index cards,2.99
Office Supplies,post-it flags,2.9
Office Supplies,post-it flags,3.16
Office Supplies,post-it flags,3.49
Office Supplies,post-it flags,3.79
Office Supplies,post-it flags,3.99
Office Supplies,desk organizer,7.49
Office Supplies,desk organizer,8.79
Office Supplies,desk organizer,8.97
Office Supplies,desk organizer,9.99
Office Supplies,desk organizer,10.99
Office Supplies,file cabinet,24.99
Office Supplies,file cabinet,31.99
Office Supplies,file cabinet,34.39
Office Supplies,file cabinet,36.49
Office Supplies,file cabinet,47.39
Office Supplies,desk lamp,12.79
Office Supplies,desk lamp,13.99
Office Supplies,desk lamp,14.99
Office Supplies,desk lamp,15.95
Office Supplies,desk lamp,16.15
